{
  "manifest": {
    "publishingInformation": {
      "locales": {
        "en-US": {
          "summary": "OpenEyes Survey skill is for gathering user feedback and conducting market research in a quick and novel way.",
          "examplePhrases": [
            "Alexa run final survey",
            "Alexa open final survey",
            "Alexa begin final survey"
          ],
          "keywords": [
            "survey"
          ],
          "name": "Openeyes Survey",
          "description": "OpenEyes Survey skill is for gathering user feedback and conducting market research. It supports 5 different question formats that are commonly used for gathering user responses and feedback. Once the survey is created on the web application, users can take the survey via OpenEyes Survey skill. Skill is designed to be a quick and novel way to get feedback. Apart from standard Alexa features, it has custom options to help user during the survey.",
          "smallIconUri": "file://assets/images/en-US_smallIconUri.png",
          "updatesDescription": "- Dynamic Thank you message as per time zone\n-  Change HELP intent \n- Other features like Report question, report survey, resume, skip etc.",
          "largeIconUri": "file://assets/images/en-US_largeIconUri.png"
        },
        "en-CA": {
          "summary": "OpenEyes Survey skill is for gathering user feedback and conducting market research in a quick and novel way.",
          "examplePhrases": [
            "Alexa run final survey",
            "Alexa open final survey",
            "Alexa begin final survey"
          ],
          "keywords": [
            "survey"
          ],
          "name": "Openeyes Survey",
          "description": "OpenEyes Survey skill is for gathering user feedback and conducting market research. It supports 5 different question formats that are commonly used for gathering user responses and feedback. Once the survey is created on the web application, users can take the survey via OpenEyes Survey skill. Skill is designed to be a quick and novel way to get feedback. Apart from standard Alexa features, it has custom options to help user during the survey.",
          "smallIconUri": "file://assets/images/en-CA_smallIconUri.png",
          "largeIconUri": "file://assets/images/en-CA_largeIconUri.png"
        },
        "en-IN": {
          "summary": "OpenEyes Survey skill is for gathering user feedback and conducting market research in a quick and novel way.",
          "examplePhrases": [
            "Alexa run final survey",
            "Alexa open final survey",
            "Alexa begin final survey"
          ],
          "keywords": [
            "survey"
          ],
          "name": "Openeyes Survey",
          "description": "OpenEyes Survey skill is for gathering user feedback and conducting market research. It supports 5 different question formats that are commonly used for gathering user responses and feedback. Once the survey is created on the web application, users can take the survey via OpenEyes Survey skill. Skill is designed to be a quick and novel way to get feedback. Apart from standard Alexa features, it has custom options to help user during the survey.",
          "smallIconUri": "file://assets/images/en-IN_smallIconUri.png",
          "updatesDescription": "- Dynamic Thank you message as per time zone\n-  Change HELP intent \n- Other features like Report question, report survey, resume, skip etc.",
          "largeIconUri": "file://assets/images/en-IN_largeIconUri.png"
        },
        "en-AU": {
          "summary": "OpenEyes Survey skill is for gathering user feedback and conducting market research in a quick and novel way.",
          "examplePhrases": [
            "Alexa run final Survey",
            "Alexa open final Survey",
            "Alexa begin final Survey"
          ],
          "keywords": [
            "survey"
          ],
          "name": "Openeyes Survey",
          "description": "OpenEyes Survey skill is for gathering user feedback and conducting market research. It supports 5 different question formats that are commonly used for gathering user responses and feedback. Once the survey is created on the web application, users can take the survey via OpenEyes Survey skill. Skill is designed to be a quick and novel way to get feedback. Apart from standard Alexa features, it has custom options to help user during the survey.",
          "smallIconUri": "file://assets/images/en-AU_smallIconUri.png",
          "largeIconUri": "file://assets/images/en-AU_largeIconUri.png"
        },
        "en-GB": {
          "summary": "OpenEyes Survey skill is for gathering user feedback and conducting market research in a quick and novel way.",
          "examplePhrases": [
            "Alexa run final survey",
            "Alexa open final survey",
            "Alexa begin final survey"
          ],
          "keywords": [
            "survey"
          ],
          "name": "Openeyes Survey",
          "description": "OpenEyes Survey skill is for gathering user feedback and conducting market research. It supports 5 different question formats that are commonly used for gathering user responses and feedback. Once the survey is created on the web application, users can take the survey via OpenEyes Survey skill. Skill is designed to be a quick and novel way to get feedback. Apart from standard Alexa features, it has custom options to help user during the survey.",
          "smallIconUri": "file://assets/images/en-GB_smallIconUri.png",
          "largeIconUri": "file://assets/images/en-GB_largeIconUri.png"
        }
      },
      "automaticDistribution": {
        "isActive": false
      },
      "isAvailableWorldwide": false,
      "testingInstructions": "{\"ask_dist_username\":\"\",\"ask_dist_password\":\"\",\"ask_dist_testing_instructions\":\"User: run final survey\\nAlexa: Welcome to OpenEyes Surveys. Tell me your six-digit Survey code to begin.\\nUser: 442076\\nAlexa: ques\\nUser: answer\"}",
      "category": "COMMUNICATION",
      "distributionMode": "PUBLIC",
      "distributionCountries": [
        "US",
        "IN"
      ]
    },
    "apis": {
      "custom": {
        "endpoint": {
          "uri": "arn:aws:lambda:us-east-1:792644220011:function:dc87c508-aeec-4aec-93d1-7d3b1166d7ee:Release_18"
        },
        "interfaces": [],
        "locales": {},
        "regions": {
          "EU": {
            "endpoint": {
              "uri": "arn:aws:lambda:eu-west-1:792644220011:function:dc87c508-aeec-4aec-93d1-7d3b1166d7ee:Release_18"
            }
          },
          "NA": {
            "endpoint": {
              "uri": "arn:aws:lambda:us-east-1:792644220011:function:dc87c508-aeec-4aec-93d1-7d3b1166d7ee:Release_18"
            }
          },
          "FE": {
            "endpoint": {
              "uri": "arn:aws:lambda:us-west-2:792644220011:function:dc87c508-aeec-4aec-93d1-7d3b1166d7ee:Release_18"
            }
          }
        }
      }
    },
    "manifestVersion": "1.0",
    "permissions": [],
    "privacyAndCompliance": {
      "allowsPurchases": false,
      "locales": {
        "en-US": {
          "termsOfUseUrl": "https://theopeneyes.com/terms-of-use",
          "privacyPolicyUrl": "https://theopeneyes.com/privacy-policy"
        },
        "en-CA": {
          "termsOfUseUrl": "https://theopeneyes.com/terms-of-use",
          "privacyPolicyUrl": "https://theopeneyes.com/privacy-policy"
        },
        "en-IN": {
          "termsOfUseUrl": "https://theopeneyes.com/terms-of-use",
          "privacyPolicyUrl": "https://theopeneyes.com/privacy-policy"
        },
        "en-AU": {
          "termsOfUseUrl": "https://theopeneyes.com/terms-of-use",
          "privacyPolicyUrl": "https://theopeneyes.com/privacy-policy"
        },
        "en-GB": {
          "termsOfUseUrl": "https://theopeneyes.com/terms-of-use",
          "privacyPolicyUrl": "https://theopeneyes.com/privacy-policy"
        }
      },
      "containsAds": false,
      "isExportCompliant": true,
      "isChildDirected": false,
      "shoppingKit": {
        "isShoppingActionsEnabled": false,
        "isAmazonAssociatesOnAlexaEnabled": false
      },
      "usesPersonalInfo": false
    }
  }
}