{
  "interactionModel": {
    "languageModel": {
      "intents": [
        {
          "name": "AMAZON.CancelIntent",
          "samples": []
        },
        {
          "name": "AMAZON.HelpIntent",
          "samples": [
            "can you help me",
            "please guide me",
            "please guide",
            "help",
            "please help me",
            "help me",
            "please help",
            "guide",
            "guide me"
          ]
        },
        {
          "name": "AMAZON.StopIntent",
          "samples": []
        },
        {
          "name": "AMAZON.NavigateHomeIntent",
          "samples": []
        },
        {
          "slots": [
            {
              "name": "survey",
              "type": "AMAZON.NUMBER"
            }
          ],
          "name": "SurveyIntent",
          "samples": [
            "survey id is {survey}",
            "it is {survey}",
            "id is {survey}",
            "{survey}"
          ]
        },
        {
          "slots": [
            {
              "name": "answer",
              "type": "AMAZON.LocalBusiness"
            }
          ],
          "name": "QuestionIntent",
          "samples": [
            "{answer}"
          ]
        },
        {
          "name": "AMAZON.FallbackIntent",
          "samples": []
        },
        {
          "slots": [],
          "name": "SupportIntent",
          "samples": [
            "please support",
            "need support ",
            "support"
          ]
        },
        {
          "slots": [
            {
              "name": "support_options",
              "type": "SupportType"
            }
          ],
          "name": "SupportTypeIntent",
          "samples": [
            "{support_options}"
          ]
        },
        {
          "slots": [
            {
              "name": "help",
              "type": "HelpType"
            }
          ],
          "name": "HelpOptionIntent",
          "samples": [
            "{help}"
          ]
        },
        {
          "name": "AMAZON.RepeatIntent",
          "samples": []
        },
        {
          "slots": [],
          "name": "HomeIntent",
          "samples": [
            "home",
            "alexa home"
          ]
        },
        {
          "name": "AMAZON.ResumeIntent",
          "samples": [
            "continue",
            "alexa continue",
            "alexa resume",
            "resume"
          ]
        },
        {
          "slots": [],
          "name": "ReportQuestionIntent",
          "samples": [
            "report question"
          ]
        },
        {
          "slots": [],
          "name": "ReportSurveyIntent",
          "samples": [
            "report survey"
          ]
        },
        {
          "name": "AMAZON.NextIntent",
          "samples": [
            "next question",
            "skip question"
          ]
        },
        {
          "slots": [
            {
              "name": "rating",
              "type": "RatingType"
            }
          ],
          "name": "RatingTypeIntent",
          "samples": [
            "my rating is {rating}",
            "{rating}"
          ]
        }
      ],
      "types": [
        {
          "values": [
            {
              "name": {
                "value": "I am ready"
              }
            },
            {
              "name": {
                "synonyms": [
                  "technical support"
                ],
                "value": "technical"
              }
            },
            {
              "name": {
                "synonyms": [
                  "general support"
                ],
                "value": "general "
              }
            }
          ],
          "name": "SupportType"
        },
        {
          "values": [
            {
              "name": {
                "synonyms": [
                  "option"
                ],
                "value": "options"
              }
            },
            {
              "name": {
                "value": "select stop"
              }
            },
            {
              "name": {
                "value": "select home"
              }
            },
            {
              "name": {
                "value": "select resume"
              }
            },
            {
              "name": {
                "value": "select repeat"
              }
            },
            {
              "name": {
                "value": "select report survey"
              }
            },
            {
              "name": {
                "value": "select report question"
              }
            }
          ],
          "name": "HelpType"
        },
        {
          "values": [
            {
              "name": {
                "synonyms": [
                  "0",
                  "15",
                  "14",
                  "13",
                  "12",
                  "11",
                  "10",
                  "9",
                  "8",
                  "7",
                  "6",
                  "5",
                  "4",
                  "3",
                  "2"
                ],
                "value": "1"
              }
            }
          ],
          "name": "RatingType"
        }
      ],
      "invocationName": "final survey"
    }
  }
}